Title,Grade,CourseType,PrimaryCMI,SecondaryCMI,OptionalCMI,PrimaryMLG,SecondaryMLG,OptionalMLG,THCredit,PWLCredit,TrainingObjectivesJson
1.1.1 History,Grade 10,TH,Diki,Ghata,,,,,3,0,
2.1.1 Atmosphere,Grade 10,BOTH,Ayu,Rahmat,,,,,2,1,
2.1.2 Heat tsfr,Grade 10,BOTH,Ayu,Rahmat,,,,,1,3,
2.1.3 Air mass,Grade 10,TH,Ayu,Rahmat,,,,,1,0,
2.1.4 Clouds,Grade 10,BOTH,Ayu,Rahmat,,,,,1,1,
2.1.5 Winds,Grade 10,BOTH,Ayu,Rahmat,,,,,1,1,
2.1.6 Dangerous,Grade 10,BOTH,Ayu,Rahmat,,,,,1,1,
2.2.1 Aerostatics,Grade 10,TH,Ayu,Rahmat,,,,,1,0,
2.3.1 Intro,Grade 10,TH,Ayu,Rahmat,,,,,1,0,
2.3.2 Flow airfoil,Grade 10,BOTH,Ayu,Rahmat,,,,,1,2,"[{""category"": ""SCIENTIFIC LITERACY"", ""text"": ""Know and understand how airflow behaves around an airfoil.""}, {""category"": ""TECHNOLOGY"", ""text"": ""Understand how airflow separation affects lift and drag.""}, {""category"": ""GENERAL AVIATION"", ""text"": ""Identify the practical consequences of flow separation in flight.""}]"
2.3.3 Boundary layer,Grade 10,BOTH,Ayu,Rahmat,,,,,1,1,
2.3.4 Profile,Grade 10,BOTH,Ayu,Rahmat,,,,,1,1,
2.4.1 Theory of lfight,Grade 10,TH,Ayu,Rahmat,,,,,3,0,
2.5.1 A/C diversity,Grade 10,BOTH,Ayu,Rahmat,,,,,2,2,
3A.1.1 History design,Grade 10,TH,Gita,Rizky,,,,,4,0,
3A.2.1 Design,Grade 10,TH,Gita,Rizky,,,,,2,0,
7A.1.5 Jobs,Grade 10,TH,Diki,Ghata,Kartika,,,,2,0,
7A.1.6 Jobs,Grade 10,TH,Diki,Ghata,Kartika,,,,2,0,
4A.1.1 Types ENG,Grade 10,TH,Ayu,Rahmat,,,,,2,0,
4A.1.2 Act react,Grade 10,BOTH,Ayu,Rahmat,,,,,1,2,
4A.1.3 Component,Grade 10,BOTH,Ayu,Rahmat,,,,,1,2,
4A.1.4 Power up,Grade 10,TH,Ayu,Rahmat,,,,,1,0,
4A.1.5 Lub and fuel,Grade 10,TH,Ayu,Rahmat,,,,,1,0,
4A.1.6 Indicating,Grade 10,BOTH,Ayu,Rahmat,,,,,1,2,
4A.2.1 General,Grade 10,TH,Ayu,Rahmat,,,,,1,0,
4A.2.2 Main,Grade 10,BOTH,Ayu,Rahmat,,,,,1,2,
4A.2.3 Method,Grade 10,BOTH,Ayu,Rahmat,,,,,1,2,
4A.3.1 Main,Grade 10,BOTH,Ayu,Rahmat,,,,,1,2,
4A.3.2 Corrosion,Grade 10,TH,Ayu,Rahmat,,,,,1,0,
4A.3.3 Hardware,Grade 10,BOTH,Ayu,Rahmat,,,,,1,3,
5A.1.1 Cockpit,Grade 10,BOTH,Rizky,Ghata,,,,,4,4,
5A.1.2 FCS,Grade 10,TH,Rizky,Ghata,,,,,3,0,
5A.2.1 Baro inst,Grade 10,BOTH,Rizky,Ghata,,,,,2,4,
5A.2.2 Analog digi,Grade 10,BOTH,Rizky,Ghata,,,,,4,4,
6A.1.1 Nav rule,Grade 10,BOTH,Gita,Ghata,Kartika,,,,2,2,
6A.1.2 Principle,Grade 10,BOTH,Gita,Ghata,Kartika,,,,2,3,
6A.2.1 Organisation,Grade 10,TH,Gita,Ghata,Kartika,,,,1,0,
6A.2.2 Hazards,Grade 10,BOTH,Gita,Ghata,Kartika,,,,1,4,
6A.2.3 HF,Grade 10,BOTH,Gita,Ghata,Kartika,,,,2,3,
7A.1.1 jobs,Grade 10,TH,Diki,Ghata,Kartika,,,,2,0,
7A.1.2 Jobs,Grade 10,TH,Diki,Ghata,Kartika,,,,2,0,
7A.1.3 Jobs,Grade 10,TH,Diki,Ghata,Kartika,,,,2,0,
7A.1.4 Jobs,Grade 10,TH,Diki,Ghata,Kartika,,,,2,0,
3B.1.1 Basic of design,Grade 11,BOTH,Rizky,Gita,,,,,1,5,
3B.1.2 Design eng.,Grade 11,BOTH,Rizky,Gita,,,,,2,1,"[{""category"": ""TECHNOLOGY"", ""text"": ""Understand the main steps of an aircraft design engineering process.""}, {""category"": ""INNOVATION"", ""text"": ""Apply advanced techniques in 3D modeling to a design project.""}, {""category"": ""CRITICAL SKILLS"", ""text"": ""Consider safety requirements when proposing a design during a project.""}]"
3B.2.1 Meteorological,Grade 11,BOTH,Rizky,Gita,,,,,2,2,
3B.2.2 Aerodynamic,Grade 11,BOTH,Rizky,Gita,,,,,2,2,
3B.2.3 Regulation,Grade 11,TH,Rizky,Gita,,,,,1,0,
3B.3.1 Technique in 3D,Grade 11,BOTH,Rizky,Gita,,,,,1,1,
3B.3.2 Basic project CAD,Grade 11,TH,Rizky,Gita,,,,,1,1,
4B.1.1 Composite material,Grade 11,TH,Ayu,Rahmat,,,,,1,0,
4B.1.2 Material selection,Grade 11,BOTH,Ayu,Rahmat,,,,,1,3,
4B.1.3 Ferrous and other,Grade 11,BOTH,Ayu,Rahmat,,,,,1,2,
4B.2.1 Fateners,Grade 11,BOTH,Ghata,Kartika,,,,,1,2,
4B.2.2 Electrical Cables,Grade 11,BOTH,Ghata,Kartika,,,,,1,2,
4B.3.1 Flight controls,Grade 11,BOTH,Rizky,Gita,,,,,1,1,
4B.3.2 Fuel system,Grade 11,BOTH,Rizky,Gita,,,,,1,1,
4B.3.3 Hydraulic power,Grade 11,BOTH,Rizky,Gita,,,,,1,1,
4B.3.4 Landing gear,Grade 11,TH,Rizky,Gita,,,,,1,2,
4B.3.5 Ice and rain prot.,Grade 11,BOTH,Rizky,Gita,,,,,1,2,
4B.3.6 Oxygen,Grade 11,BOTH,Rizky,Gita,,,,,1,1,
4B.3.7 Air cond.,Grade 11,BOTH,Rizky,Gita,,,,,1,2,
4B.3.8 Cabin press.,Grade 11,BOTH,Rizky,Gita,,,,,1,2,
5B.1.1 AC-DC circuit,Grade 11,BOTH,Ayu,Rahmat,,,,,2,3,
5B.1.2 Semiconductors,Grade 11,BOTH,Ayu,Rahmat,,,,,1,3,
5B.1.3 Servomechanisms,Grade 11,BOTH,Ayu,Rahmat,,,,,1,3,
5B.2.1 Nav. Sys.,Grade 11,BOTH,Rizky,Ghata,,,,,3,3,
5B.3.1 Radio comm.,Grade 11,BOTH,Ghata,Kartika,,,,,2,3,
5B.3.2 Radio Nav.,Grade 11,BOTH,Ghata,Kartika,,,,,2,3,
5B.3.3 Detection,Grade 11,BOTH,Ghata,Kartika,,,,,2,3,
7B.1.1 Def aero carreers,Grade 11,TH,Ghata,Kartika,,,,,3,0,
7B.1.2 Aeronautic trainning,Grade 11,TH,Ghata,Kartika,,,,,3,0,
7B.1.3 Skills and comp.,Grade 11,TH,Ghata,Kartika,,,,,3,0,
7B.1.4 Concerns in aviation,Grade 11,TH,Ghata,Kartika,,,,,3,0,
9.1.1 Pressure,Grade 11,BOTH,Ayu,Rahmat,,,,,1,2,
9.1.2 Fluid mechanics,Grade 11,BOTH,Ayu,Rahmat,,,,,1,2,
9.1.3 Fluid dynamics,Grade 11,BOTH,Ayu,Rahmat,,,,,2,2,
9.2.1 Thermodynamics,Grade 11,BOTH,Ayu,Rahmat,,,,,2,2,
9.3.1 Optics,Grade 11,BOTH,Ayu,Rahmat,,,,,2,2,
9.4.1 Acoustics,Grade 11,BOTH,Ayu,Rahmat,,,,,2,2,
10.1.1  Weapons types and uses,Grade 11,BOTH,Ghata,Kartika,,,,,2,2,
"10.1.2 Defensive Systems, Integration and Control",Grade 11,TH,Ghata,Kartika,,,,,2,0,
10.1.3 Advanced Weapon Systems and Concerns,Grade 11,TH,Ghata,Kartika,,,,,2,0,
11A.1.1 Prevent and secure,Grade 11,BOTH,Ghata,Kartika,,,,,6,0,
11A.2.1 Enhance human,Grade 11,BOTH,Ghata,Kartika,,,,,2,0,
3C.1.1 Thermodynamics,Grade 12,BOTH,Rizky,Gita,,,,,2,2,"[{""category"": ""SCIENTIFIC LITERACY"", ""text"": ""Introduce fundamental knowledge of thermodynamics.""}, {""category"": ""TECHNOLOGY"", ""text"": ""Analyse local sourcing constraints applied on aeronautical thermodynamic systems.""}, {""category"": ""INNOVATION"", ""text"": ""Combine theoretical thermodynamics with a project-based deliverable.""}]"
3C.1.2 Aerodynamics,Grade 12,BOTH,Rizky,Gita,,,,,2,2,
3C.1.3 Regulations,Grade 12,BOTH,Rizky,Gita,,,,,2,0,
3C.2.1 Advanced techniques,Grade 12,BOTH,Rizky,Gita,,,,,4,4,
4C.1.1 Manufacturing  parts,Grade 12,BOTH,Ayu,Rahmat,,,,,2,2,"[{""category"": ""TECHNOLOGY"", ""text"": ""Understand manufacturing processes for composite and metal parts.""}, {""category"": ""CRITICAL SKILLS"", ""text"": ""Follow safety procedures during a manufacturing workshop.""}, {""category"": ""GENERAL AVIATION"", ""text"": ""Relate manufacturing choices to an aircraft part's in-flight constraints.""}]"
4C.2.1 Stress test,Grade 12,BOTH,Ayu,Rahmat,,,,,2,2,"[{""category"": ""SCIENTIFIC LITERACY"", ""text"": ""Understand the principles behind mechanical stress testing.""}, {""category"": ""TECHNOLOGY"", ""text"": ""Interpret stress test results on an aircraft part.""}, {""category"": ""CRITICAL SKILLS"", ""text"": ""Identify safety risks associated with a failed stress test.""}]"
4C.3.1  Compressibility effects,Grade 12,BOTH,Ayu,Rahmat,,,,,2,2,
4C.4.1 Deeper Engine,Grade 12,BOTH,Ayu,Rahmat,,,,,2,0,
4C.5.1 Fly an helicopter,Grade 12,BOTH,Ayu,Rahmat,,,,,2,1,
4C.6.1 Maneuvers in flight,Grade 12,BOTH,Ayu,Rahmat,,,,,3,1,
5C.1.1 Flight Recorder,Grade 12,BOTH,Ayu,Rahmat,,,,,2,1,"[{""category"": ""TECHNOLOGY"", ""text"": ""Know the history and requirements/objectives of the flight recorder.""}, {""category"": ""CAREER & HIGHER EDUCATION"", ""text"": ""Ensure knowledge of avionics systems relevant to instrumentation careers.""}, {""category"": ""ETHICAL & ENVIRONMENTAL"", ""text"": ""Understand the role of the flight recorder in safety investigations.""}]"
5C.1.2 Transponder,Grade 12,BOTH,Ayu,Rahmat,,,,,1,0,
5C.1.3 Weather Radar,Grade 12,BOTH,Ayu,Rahmat,,,,,1,1,
5C.1.4 Anti-collision system,Grade 12,BOTH,Ayu,Rahmat,,,,,2,1,
"5C.1.5 Deeper  flight control system, Auto flight,â¦",Grade 12,BOTH,Ayu,Rahmat,,,,,1,1,
5C.2.1 Precession and rigidity in space,Grade 12,BOTH,Ayu,Rahmat,,,,,2,1,
5C.3.1 Radio-communication,Grade 12,BOTH,Ayu,Rahmat,,,,,1,1,
5C.3.2 Radio-Navigation,Grade 12,BOTH,Ayu,Rahmat,,,,,1,1,
5C.3.3 Detection,Grade 12,BOTH,Ayu,Rahmat,,,,,1,1,
5C.3.4 On board Maintenance system,Grade 12,BOTH,Ayu,Rahmat,,,,,1,1,
10B.1.1 Essential principles of Armament,Grade 12,BOTH,Ghata,Kartika,,,,,2,1,"[{""category"": ""SCIENTIFIC LITERACY"", ""text"": ""Know the essential principles of military aircraft armament.""}, {""category"": ""CRITICAL SKILLS"", ""text"": ""Apply safety precautions when handling armament-related equipment.""}]"
10B.1.2 Weapon systems,Grade 12,BOTH,Ghata,Kartika,,,,,1,2,
"10B.1.3 Crew Safety, Ejection seat",Grade 12,BOTH,Ghata,Kartika,,,,,1,2,"[{""category"": ""CRITICAL SKILLS"", ""text"": ""Understand crew safety procedures and ejection seat operation.""}, {""category"": ""GENERAL AVIATION"", ""text"": ""Know the raising of ejection seat awareness for pilot safety.""}]"
"10B.1.4 Ammunition Specific safety (storage, assembling, transports, destruction)",Grade 12,BOTH,Ghata,Kartika,,,,,1,0,
10B.1.5 Attack System Management,Grade 12,BOTH,Ghata,Kartika,,,,,1,0,
10B.1.6 Surveillance and electronic warfare,Grade 12,BOTH,Ghata,Kartika,,,,,1,2,
11B.1.1 Human factor,Grade 12,BOTH,Ghata,Kartika,,,,,2,2,
11B.1.2 Management in an industrial environment,Grade 12,BOTH,Ghata,Kartika,,,,,3,0,
11B.1.3 Cockpit and Team Maintenance resources management,Grade 12,BOTH,Ghata,Kartika,,,,,3,0,
7C.1.1 Introduction,Grade 12,TH,Ghata,Kartika,,,,,2,0,
7C.1.2 The Civil Aviation Industry,Grade 12,TH,Ghata,Kartika,,,,,2,0,
7C.1.3 Defense Aeronautics and Military Aviation,Grade 12,TH,Ghata,Kartika,,,,,2,0,
7C.1.4 Space Exploration and Industry,Grade 12,TH,Ghata,Kartika,,,,,2,0,
7C.1.5 Emerging Technologies in Aeronautics and Space,Grade 12,TH,Ghata,Kartika,,,,,2,0,
"7C.1.6 Career Paths in Civil, Defense, and Space Professions",Grade 12,TH,Ghata,Kartika,,,,,2,0,
12.1.1 3D modelling,Grade 12,BOTH,Rizky,Gita,,,,,0,8,
12.1.2 3D Print and assembly,Grade 12,BOTH,Rizky,Gita,,,,,0,8,
12.2.1 Basic of flight plan,Grade 12,BOTH,Ghata,Kartika,,,,,4,4,
12.3.1 Deep knowledge of aircraft maneuver and operation,Grade 12,BOTH,Rizky,Gita,,,,,4,8,
"12.3.2 Transmitter, localizer, technology embarked.",Grade 12,BOTH,Rizky,Gita,,,,,1,0,
12.3.3 RC plane flight,Grade 12,BOTH,Rizky,Gita,,,,,,,
12.3.4 Drone flight (flight plane),Grade 12,TH,,,,,,,0,6,
